‰Μl,‰ΜW,§μ”N,o”Ε”N
Vδ©,”χ–Ύ,0000,1916
Ι“΅¶η•v,[¶η•v‘SW],"›1896-1898, 1891-1903",§μ”N‚π•β‹L
Ξμ‘ν–Ψ,κ¬‚Μ»,›1908-1910,1910
Ξμ‘ν–Ψ,”ί‚µ‚«ί‹ο,›1909-1911,1912
Ξμ‘ν–Ψ,V•·EG‚Ι”­•\‚³‚κ‚½’Z‰Μ,1901-1911,§μ”N‚π•β‹L
Ξμ‘ν–Ψ,‰Μeƒm[ƒg,1908-1910,§μ”N‚π•β‹L
Ξμ‘ν–Ψ,“ϊ‹L‚ζ‚θ,"1902-1909, 0000",§μ”N‚π•β‹L
Ξμ‘ν–Ψ,‘Θ,1901-1912,§μ”N‚π•β‹L
‘Ύ“c…•δ,‚Β‚δ‘,›1897-1901,1902
‘Ύ“c…•δ,Rγ@,0000,1905
‘Ύ“c…•δ,‘±Rγ,1905-1908,1951
‘Ύ“c…•δ,‰_’Ή,1915-1921,1922
‘Ύ“c…•δ,“~Ψ,1921-1926,1927
‘Ύ“c…•δ,λE‰L,1927-1933,1933
‘Ύ“c…•δ,—†ην,1933-1940,1940
‘Ύ“c…•δ,—¬ις,1940-1946,1947
‘Ύ“c…•δ,‘o”ς‰,1947-1950,1951
‘Ύ“c…•δ,V‘h‚ΜX,1951-1955,1955
‰–{‚©‚Μq,‚©‚λ‚«‚Λ‚½‚έ,0000,1912
–k΄”’H,‹Λ‚Μ‰Τ,0000,1913
–k΄”’H,Ο‘‚ΜH,1913-1921,1921
–k΄”’H,βΉ,1916-1926,1929
–k΄”’H,©‘I‰ΜW‰Τ~,0000,1928
–k΄”’H,‰_•κW,0000,1915
–k΄”’H,‚Μ—‘,0000,1921
–k΄”’H,•—‰BW,1923-1926,1944
–k΄”’H,Cγ,0000,1949
–k΄”’H,”’C•—,Z1926|1933,1934
–k΄”’H,–²“a,›1927-1939,1939
–k΄”’H,k—¬¥,0000,1943
–k΄”’H,“Ι,›1935-1937,1943
–k΄”’H,•w,›1937-1940,1940
–k΄”’H,‰²’O‚Μ–Ψ,›1940-1942,1943
–k΄”’H,GE’Z‰Μϋ^‰Μ,1902-1942,§μ”N‚π•β‹L
E“c‹σ•δ,‚ά‚Π‚ι–μ,›1899-1905,1905
E“c‹σ•δ,–ΎΓ,0000,1906
E“c‹σ•δ,‹σ•δ‰ΜW,0000,1912
E“c‹σ•δ,‘χ‚κ‚ιμ,1912-1914,1915
E“c‹σ•δ,’ΉγίW,1915-1916,1916
E“c‹σ•δ,ς‚Μ‚Ω‚Ζ‚θ,›1916-1917,1918
E“c‹σ•δ,“y‚π’­‚ί‚Δ,›1917-1918,1918
E“c‹σ•δ,–p‚Μ—t,0000,1920
E“c‹σ•δ,ϋς…–—,0000,1921
E“c‹σ•δ,‹Ύ—t,1921-1925,1926
E“c‹σ•δ,ϋς‹€—t,1926-1929,1929
E“c‹σ•δ,‚³‚΄‚κ…,1929-1933,1934
E“c‹σ•δ,‹½D,1934-1936,1937
E“c‹σ•δ,“~“ϊ‚΄‚µ,1937-1940,1941
E“c‹σ•δ,–ΎΕ,1941-1943,1945
E“c‹σ•δ,©‰_,1944,1946
E“c‹σ•δ,“~–Ψ΄,1944-1947,1955
E“c‹σ•δ,‘μγ‚Μ“”,1948-1953,1957
E“c‹σ•δ,‹u—Λ’n,1954-1956,1957
E“c‹σ•δ,V’Ξ‚Μ‰Ί,1957-1959,1960
E“c‹σ•δ,–Ψ‘‚Ζ‹¤‚Ι,1960-1963,1964
E“c‹σ•δ,‹”N‚Μα,1964-1966,1967
E“c‹σ•δ,‰ϊEβ,1900,§μ”N‚π•β‹L
E“c‹σ•δ,΄–Ύ‚Μί,"1966-1967, 0000",§μ”N‚π•β‹L
E“c‹σ•δ,’Z‰Μ•ββ,1900-1906,§μ”N‚π•β‹L
Γςη~,‘‚Μα—t,›1904-1907,1925
Γςη~,‰®γ‚Μ“y,1908-1917,1928
Γςη~,ϋς‹W,1918-1927,1933
Γςη~,‘Θ‚Ι‚ ‚η‚Ν‚κ‚½‚ι‰Μ,1904-1927,§μ”N‚π•β‹L
Φ“΅–Ξ‹g,Τυi‰ό‘Ij,1905-1913,1913
Φ“΅–Ξ‹g,‚ ‚η‚½‚ά,1913-1917,1921
Φ“΅–Ξ‹g,‚Β‚δ‚¶‚ΰ,1918-1921,1946
Φ“΅–Ξ‹g,‰“—V,1922-1923,1947
Φ“΅–Ξ‹g,•Υ—π,1923-1925,1948
Φ“΅–Ξ‹g,‚Ζ‚ΰ‚µ‚Ρ,1925-1928,1950
Φ“΅–Ξ‹g,‚½‚©‚Ν‚η,1929-1930,1950
Φ“΅–Ξ‹g,AR,1930,1950
Φ“΅–Ξ‹g,Ξς,1931-1932,1951
Φ“΅–Ξ‹g,”’“,1933-1934,1942
Φ“΅–Ξ‹g,ϊg,1935-1936,1940
Φ“΅–Ξ‹g,¦‰_,1937-1939,1940
Φ“΅–Ξ‹g,‚Μ‚Ϊ‚θH,1939-1940,1943
Φ“΅–Ξ‹g,‘,1941-1942,1951
Φ“΅–Ξ‹g,¬‰€,1943-1946,1949
Φ“΅–Ξ‹g,”’‚«R,1946-1947,1949
Φ“΅–Ξ‹g,‚Β‚«‚©‚°,1948-1952,1954
Φ“΅–Ξ‹g,’Z‰ΜEβ,"1905-1949, 0000",§μ”N‚π•β‹L
²²–ΨMj,‘εa‚Τ‚θ,0000,1960
²²–ΨMj,V,0000,1912
“‡–ΨΤ•F,”n—ι’‚Μ‰ΤΘ‘O,1893-1909,§μ”N‚π•β‹L
“‡–ΨΤ•F,”n—ι’‚Μ‰Τ,1909-1913,1913
“‡–ΨΤ•F,Ψ‰Ξ,1913-1914,1915
“‡–ΨΤ•F,•X‹›,1915-1920,1920
“‡–ΨΤ•F,‘Ύ‹•W,1920-1924,1924
“‡–ΨΤ•F,?όW,1924-1926,1926
“‡–ΨΤ•F,\”N,1913-1924,1925
“‡–ΨΤ•F,’Z‰ΜEβ,1909-1924,§μ”N‚π•β‹L
“‡–ΨΤ•F,lX‚Ι‘—‚θ‚½‚ι’Z‰Μ,"1899-1926, 0000",§μ”N‚π•β‹L
ίη‹‹σ,C‚β‚ά‚Μ‚ ‚Π‚Ύ,"›1904-1910, ›1911-1915, 
1916-1925, ",1925
ίη‹‹σ,t‚Μ‚±‚Ζ‚Τ‚κ,›1925-1929,1930
ίη‹‹σ,…‚Μγ,1930-1935,1948
ίη‹‹σ,‰“‚β‚ά‚Π‚±,1935-1941,1948
ίη‹‹σ,“V’n‚Ιι‚ι,›1937-1942,1942
ίη‹‹σ,`‚π‚®‚Θ,"1941-1953,0000",1955
ίη‹‹σ,’Z‰ΜEβ,1898-1914,§μ”N‚π•β‹L
ίη‹‹σ,η‹‹σ‰Μ‘I,0000,1947
“y‰®•¶–Ύ,‚Σ‚δ‚­‚³,"›1909-1916, ›1921-1923,
1909-1924",1925
“y‰®•¶–Ύ,‰W,1925-1929,1930
“y‰®•¶–Ύ,R’JW,1930-1934,1935
“y‰®•¶–Ύ,Z•—,1935-1937,1942
“y‰®•¶–Ύ,­ΐW,1938-1942,1943
“y‰®•¶–Ύ,R‚ΜΤ‚Μ–¶,1942-1944,1952
“y‰®•¶–Ύ,”BδΕW,1944,1945
“y‰®•¶–Ύ,R‰Ί…,›1945-1946,1948
“y‰®•¶–Ύ,©—¬ς,1947-1951,1953
“y‰®•¶–Ύ,ϋς“μW,1952-1961,1967
“y‰®•¶–Ύ,‘±ϋς“μW,1961-1966,1967
“y‰®•¶–Ύ,‘±Xϋς“μW,1967-1973,1973
“y‰®•¶–Ύ,ϋς“μγW,1973-1983,1984
“y‰®•¶–Ύ,ϋς“μγWΘγ,1984-1990,1991
“y‰®•¶–Ύ,•ββ,1947-1988,§μ”N‚π•β‹L
’·’Λί,[’·’Λί‘SW],1898-1914,§μ”N‚π•β‹L
’†‘Ί›‹g,”n—ι’‚Μ‰Τ,1908-1913,1913
’†‘Ί›‹g,—ΡςW,1908-1916,1916
’†‘Ί›‹g,‚µ‚‚η‚έ,1917-1921,1924
’†‘Ί›‹g,y—‹W,"›1921-1922, 1923-1925",1931
’†‘Ί›‹g,y—‹WΘγ,1928-1934,1934
’†‘Ί›‹g,©‘I‰ΜWΌ‚Μ—t,1908-1911,1925
’†‘Ί›‹g,‰ό‘ΆΠ’Z‰Μ‘SW,1908-1929,1930
’†‘Ί›‹g,•ββ,"1908-1934, ›1922-1923",§μ”N‚π•β‹L
”‹΄μ‘ΎY,’Z‰Μ,1902-1913,§μ”N‚π•β‹L
‘O“c—[•ι,£y‘ζκ,0000,1907
‘O“c—[•ι,£y‘ζ“ρ,0000,1908
‘O“c—[•ι,ϋn,"›-1907, ›1907-1908, 1908-1910,›1909-1910, ",1910
‘O“c—[•ι,ϋniΔ”Ε‘•βj,1910,1910
‘O“c—[•ι,”ζ‚κ,0000,1910
‘O“c—[•ι,‰A‰e,1910-1912,1912
‘O“c—[•ι,¶‚­‚ι“ϊ‚Ι,1913-1914,1914
‘O“c—[•ι,”­¶,0000,1915
‘O“c—[•ι,Oυ,0000,1915
‘O“c—[•ι,[—Ρ,1914-1916,1916
‘O“c—[•ι,‚ ‚π‚Ό‚η,1912-1918,1919
‘O“c—[•ι,–Ά§‰ΜW ‚ν‚©‚®‚³,1903-1904,§μ”N‚π•β‹L
‘O“c—[•ι,–Ά§‰ΜW ‚Ν‚Θ‚Σ‚Τ‚«,1904-1905,§μ”N‚π•β‹L
‘O“c—[•ι,‰Μe  ‚ ‚η‚η‚¬,1904,§μ”N‚π•β‹L
‘O“c—[•ι,‰Μe  ϋς‚ ‚η‚µ,1905,§μ”N‚π•β‹L
‘O“c—[•ι,‰Μe  ’‚Μ,1905,§μ”N‚π•β‹L
‘O“c—[•ι,‰Μe  ‚¤‚·‚Π–μ,1905-1906,§μ”N‚π•β‹L
‘O“c—[•ι,‰Μe  —[“ψ,1906,§μ”N‚π•β‹L
‘O“c—[•ι,‰Μe  —[‰A‘,1906,§μ”N‚π•β‹L
‘O“c—[•ι,‰Μe  ‚ν‚©‚«D‚Π,1907,§μ”N‚π•β‹L
‘O“c—[•ι,‰Μe  £y‘ζO,1907,§μ”N‚π•β‹L
‘O“c—[•ι,‰Μe,1907-1912,§μ”N‚π•β‹L
‘O“c—[•ι,΄¶—Ρ,1907-1920,1925
‘O“c—[•ι,“ψ,"1921-1924, 0000",1928
‘O“c—[•ι,…Ή’n‘Ρ,1929-1932,1932
‘O“c—[•ι,ϋς~‚Ν‰Μ‚Σ,1932-1937,1940
‘O“c—[•ι,R›Τ,›1930-1937,1940
‘O“c—[•ι,—σ•—,1938-1941,1943
‘O“c—[•ι,•xm‚π‰Μ‚Σ,›1942-1943,1943
‘O“c—[•ι,VθρE•xm,1914-1945,1946
‘O“c—[•ι,k“y,0000,1946
‘O“c—[•ι,ϋ“y’n‘Ρ,[1945-1946],1947
‘O“c—[•ι,—[•ιβ‰ΜW,1946-1951,1951
‘O“c—[•ι,“~–ιW,"›1907-1909, ›1910-1913
›1913-1914, ›1917-1922",§μ”N‚π•β‹L
‘O“c—[•ι,“μ•—,1924-1929,§μ”N‚π•β‹L
‘O“c—[•ι,R‰Ν,›1943-1945,§μ”N‚π•β‹L
‘O“c—[•ι,‰Μe,1919-1950,§μ”N‚π•β‹L
³‰q‹K,’|”T—Ά‰Μ,1882-1900,[1904]
³‰q‹K,’|”T—Ά‰ΜEβ,"›-1882, 1883-1902, 0000",§μ”N‚π•β‹L
‘“c‰λq,—φί,0000,"	1905"
Rμ“o”όq,—φί,0000,"	1905"
—^Σ–μ»q,‚έ‚Ύ‚κ”―,0000,1901
—^Σ–μ»q,¬ξ,0000,1904
—^Σ–μ»q,“Ε‘,0000,1904
—^Σ–μ»q,—φί,0000,1904
—^Σ–μ»q,•‘•P,0000,1906
—^Σ–μ»q,–²”V‰Ψ,0000,1906
—^Σ–μ»q,ν‰Δ,0000,1908
—^Σ–μ»q,²•Ϋ•P,0000,1909
—^Σ–μ»q,t“DW,0000,1911
—^Σ–μ»q,ΒC”g,0000,1912
—^Σ–μ»q,‰Δ‚ζ‚θH‚Φ,0000,1914
—^Σ–μ»q,‚³‚­‚η‘,0000,1915
—^Σ–μ»q,ι—tW,0000,1916
—^Σ–μ»q,•‘‚²‚λ‚ΰ,0000,1916
—^Σ–μ»q,»qVW,0000,1917
—^Σ–μ»q,‰Ξ‚Μ’Ή,0000,1919
—^Σ–μ»q,‘Ύ—z‚ΖεKεN,0000,1921
—^Σ–μ»q,‘‚Μ–²,0000,1922
—^Σ–μ»q,—¬―‚Μ“Ή,0000,1924
—^Σ–μ»q,—Ϊ—υ,0000,1925
—^Σ–μ»q,S‚Μ‰“i,0000,1928
—^Σ–μ»q,––Φ—V‘,0000,1930
—^Σ–μ»q,–¶“‡‚Μ‰Μ,0000,1929
—^Σ–μ»q,”’NW,0000,1942
—^Σ–μ»q,[—Ρ‚Μ,0000,›1933-1934
—^Σ–μ»q,——t‚ΙΏ‚·,0000,›1933-1934
—^Σ–μ»q,–kC—V‘,0000,›1933-1934
—^Σ–μ»q,Ή’†‹ΰβΟ,0000,›1933-1934
—^Σ–μ»q,ϋKt‰J,0000,›1933-1934
—^Σ–μ»q,“~”’ΰW,0000,›1933-1934
—^Σ–μ»q,R‚Μ‚µ‚Γ‚­,0000,›1933-1934
—^Σ–μ»q,‘‚Ζυ,0000,›1933-1934
—^Σ–μ»q,‰²’O,0000,›1933-1934
—^Σ–μ»q,‚Ά‚Κ‚ ‚ΐ‚³‚ξ,0000,›1933-1934
—^Σ–μ»q,Rγ‚Μ†,0000,›1933-1934
—^Σ–μ“S²,‘•·,0000,1910
‹gδ—E,π‚Ω‚‚Π,›1905-1910,1910
αR–q…,C‚Μγί,›1905-1908,1908
αR–q…,ΰΥ‚θ‰Μ‚Φ‚ι,1908-1909,1910
αR–q…,•Κ—£,"›1904-1908, ›1908-1910",1910
αR–q…,Hγ,›1910-1911,1911
αR–q…,€‚©εYp‚©,›1911-1912,1912
αR–q…,‚έ‚Θ‚©‚έ,›1912-1913,1913
αR–q…,H•—‚Μ‰Μ,0000,1914
αR–q…,»‹u,›1914-1915,1915
αR–q…,’©‚Μ‰Μ,›1915-1916,1916
αR–q…,”’”~W,›1916-1917,1917
αR–q…,‚³‚Ρ‚µ‚«χ–Ψ,›1917-1918,1918
αR–q…,k’JW,›1917-1918,1918
αR–q…,‚­‚λ“y,1918-1920,1921
αR–q…,RN‚Μ‰Μ,1921-1922,1923
αR–q…,•Ό,1923-1928,1938
αR–q…,‰ΜW–Άϋ^‰Μ,1901-1928,§μ”N‚π•β‹L
